Time, Memory,Method
1230743,10192, GET
435495,15232, GET
594463,4880, GET
563765,4672, GET
472103,4736, GET
330739,4968, GET
377537,4640, GET
477333,4576, GET
506468,4736, GET
538237,4496, GET
533728,4496, GET
494215,4528, GET
444722,4528, GET
499845,4528, GET
492091,4536, GET
479137,4528, GET
459340,4560, GET
434032,4528, GET
484496,4528, GET
440985,4528, GET
395831,4528, GET
383458,4528, GET
435225,4528, GET
469198,4528, GET
517719,4528, GET
461554,4528, GET
491249,4528, GET
510535,4528, GET
464189,4528, GET
486551,4528, GET
408744,4528, GET
441316,4528, GET
456354,4528, GET
452176,4528, GET
425295,4528, GET
468416,4528, GET
504444,4528, GET
447136,4528, GET
424134,4528, GET
307555,4528, GET
482362,4528, GET
497000,4528, GET
468106,4600, GET
448570,4528, GET
453518,4528, GET
424965,4528, GET
486530,4528, GET
400880,4528, GET
380232,4528, GET
422330,4528, GET
401882,4528, GET
452086,4528, GET
448169,4528, GET
435004,4528, GET
416038,4528, GET
399237,4528, GET
482633,4528, GET
407833,4528, GET
473646,4528, GET
391092,4528, GET
474779,4528, GET
421919,4528, GET
386263,4528, GET
396722,4528, GET
388587,4528, GET
413433,4528, GET
509313,4528, GET
423713,4528, GET
379370,4528, GET
338413,4528, GET
470991,4528, GET
423212,4528, GET
416660,4528, GET
380983,4528, GET
420948,4528, GET
375082,4624, GET
425837,4528, GET
418924,4528, GET
405999,4528, GET
297246,4528, GET
252453,4528, GET
376365,4528, GET
399147,4528, GET
239699,4528, GET
381414,4528, GET
386453,4528, GET
419505,4528, GET
470661,4528, GET
382215,4528, GET
414014,4528, GET
438050,4528, GET
391362,4528, GET
416048,4528, GET
398926,4528, GET
389980,4528, GET
447478,4528, GET
386032,4528, GET
455853,4528, GET
418743,4528, GET
443380,4528, GET
344595,1008, POST
131306,832, POST
116358,832, POST
140673,832, POST
137206,832, POST
190907,832, POST
132738,832, POST
163917,832, POST
170920,832, POST
129703,832, POST
186138,832, POST
165569,832, POST
163015,832, POST
159919,832, POST
128149,832, POST
132348,832, POST
125625,832, POST
136255,832, POST
165149,832, POST
166050,832, POST
185597,832, POST
188633,832, POST
135944,832, POST
159348,832, POST
145242,832, POST
161793,832, POST
171431,832, POST
166371,832, POST
156433,832, POST
176130,832, POST
156463,832, POST
175449,832, POST
181319,832, POST
111639,832, POST
130705,832, POST
144901,832, POST
117059,832, POST
116939,832, POST
164007,832, POST
130704,832, POST
135844,832, POST
163326,832, POST
139210,832, POST
112200,832, POST
144972,832, POST
85821,832, POST
144520,832, POST
128852,832, POST
128009,832, POST
126787,832, POST
142316,832, POST
141104,832, POST
128791,832, POST
165329,832, POST
165119,832, POST
138168,832, POST
139811,832, POST
161993,832, POST
160340,832, POST
181370,832, POST
106640,832, POST
182922,832, POST
161923,832, POST
159960,832, POST
194574,832, POST
159699,832, POST
126096,832, POST
93946,832, POST
142867,832, POST
130645,832, POST
136235,832, POST
161211,832, POST
161623,832, POST
152165,832, POST
163807,832, POST
163997,832, POST
167062,832, POST
210433,832, POST
162805,832, POST
166130,832, POST
161513,832, POST
177592,832, POST
202509,832, POST
158407,832, POST
127910,832, POST
189765,832, POST
130555,832, POST
131326,832, POST
118442,832, POST
130424,832, POST
132738,832, POST
161162,832, POST
242424,1288, PUT
240009,1032, PUT
177973,1032, PUT
94707,1032, PUT
116007,1032, PUT
169678,1032, PUT
173735,1032, PUT
116348,1032, PUT
143038,1032, PUT
154719,1032, PUT
182101,1032, PUT
138950,1032, PUT
190356,1032, PUT
167934,1088, PUT
138790,1032, PUT
128731,1032, PUT
103183,1032, PUT
125806,1032, PUT
162825,1032, PUT
237585,1032, PUT
163375,1032, PUT
183904,1032, PUT
165079,1032, PUT
104135,1032, PUT
113272,1032, PUT
142747,1032, PUT
173484,1032, PUT
180247,1032, PUT
166612,1032, PUT
182401,1032, PUT
108172,1032, PUT
135523,1032, PUT
170739,1032, PUT
134201,1032, PUT
158396,864, PUT
213570,864, PUT
128751,864, PUT
122429,864, PUT
85290,864, PUT
150662,864, PUT
159739,864, PUT
122700,864, PUT
150902,864, PUT
133239,864, PUT
131125,864, PUT
140243,864, PUT
193362,864, PUT
127619,864, PUT
123732,864, PUT
155681,864, PUT
122289,864, PUT
148297,864, PUT
166382,864, PUT
172483,864, PUT
133961,864, PUT
153647,864, PUT
151032,864, PUT
122399,864, PUT
123241,864, PUT
228337,864, PUT
187040,864, PUT
125996,864, PUT
121026,864, PUT
135123,864, PUT
180568,864, PUT
130294,864, PUT
124203,864, PUT
122590,864, PUT
156032,864, PUT
126146,864, PUT
163265,864, PUT
142597,864, PUT
152486,864, PUT
184776,864, PUT
134502,864, PUT
132227,864, PUT
87103,864, PUT
155421,864, PUT
151674,864, PUT
120826,864, PUT
123331,864, PUT
126988,864, PUT
153458,864, PUT
123702,864, PUT
121157,864, PUT
130895,864, PUT
84337,864, PUT
180628,864, PUT
155350,864, PUT
133039,864, PUT
147146,864, PUT
130354,864, PUT
123632,864, PUT
125896,864, PUT
380432,4976, DELETE
544158,4928, DELETE
505826,4904, DELETE
499795,4904, DELETE
465641,4928, DELETE
501879,4904, DELETE
514663,4904, DELETE
425757,4904, DELETE
419064,4904, DELETE
456414,4928, DELETE
444611,4904, DELETE
486921,4720, DELETE
437088,4752, DELETE
504014,4696, DELETE
532577,4696, DELETE
513130,4720, DELETE
541103,4704, DELETE
431277,4696, DELETE
473466,4696, DELETE
438892,4696, DELETE
442879,4696, DELETE
469098,4696, DELETE
419626,4696, DELETE
476902,4720, DELETE
492903,4696, DELETE
453438,4696, DELETE
481842,4696, DELETE
478475,4696, DELETE
524060,4696, DELETE
461503,4736, DELETE
417241,4696, DELETE
456203,4696, DELETE
516477,4696, DELETE
549819,4720, DELETE
441897,4696, DELETE
512679,4696, DELETE
487513,4696, DELETE
463788,4720, DELETE
477844,4696, DELETE
467555,4696, DELETE
489045,4696, DELETE
470530,4696, DELETE
440734,4696, DELETE
442778,4696, DELETE
475840,4720, DELETE
467174,4696, DELETE
432930,4696, DELETE
452507,4696, DELETE
410207,4696, DELETE
501007,4720, DELETE
465290,4696, DELETE
358571,4696, DELETE
322504,4696, DELETE
321462,4696, DELETE
312454,4696, DELETE
423383,4696, DELETE
453779,4720, DELETE
425046,4696, DELETE
456234,4720, DELETE
497871,4696, DELETE
419605,4696, DELETE
479347,4720, DELETE
308798,4696, DELETE
437548,4720, DELETE
407171,4720, DELETE
442658,4696, DELETE
431898,4720, DELETE
506537,4696, DELETE
451826,4720, DELETE
449772,4960, DELETE
403094,4696, DELETE
461333,4720, DELETE
408103,4696, DELETE
471392,4696, DELETE
470801,4696, DELETE
454881,4696, DELETE
445784,4696, DELETE
455452,4696, DELETE
452997,4696, DELETE
470661,4696, DELETE
442539,4696, DELETE
475690,4976, DELETE
401522,4696, DELETE
445253,4696, DELETE
459570,4720, DELETE
408364,4720, DELETE
509814,4696, DELETE
460592,4720, DELETE
420146,4696, DELETE
396902,4696, DELETE
482643,4696, DELETE
496119,4696, DELETE
455773,4696, DELETE
488133,4696, DELETE
479116,4696, DELETE
480639,4720, DELETE
462255,4696, DELETE
394859,4696, DELETE
487231,4720, DELETE
